ID,DATE,LOCATION
MH607891,26/08/2014,WAR
MH607892,26/08/2014,WAR
MH607893,26/08/2014,WAU
MH607894,26/08/2014,Tonkolili
MH607895,26/08/2014,WAU
KR653251,22/08/2014,Kenema
KR653252,20/08/2014,PortLoko
KR653267,23/08/2014,Tonkolili
KR653239,22/08/2014,WesternRural
KR653241,24/08/2014,Pujehun
KR653227,26/08/2014,Bombali
KR817227,13/06/2014,Kailahun
KR817228,14/06/2014,Kailahun
KR817229,15/06/2014,Kailahun
KR817236,24/06/2014,Kailahun
KR817238,26/06/2014,Kailahun
KR817244,12/07/2014,Kailahun
KP184503,25/08/2014,Kenema
KM034550,25/05/2014,Kailahun
KM034551,26/05/2014,Kailahun
KM034552,26/05/2014,Kailahun
KM233035,02/06/2014,Kailahun
KM233036,02/06/2014,Kailahun
KM233037,03/06/2014,Kailahun
KM233038,03/06/2014,Kailahun
KM233039,03/06/2014,Kailahun
KM233040,03/06/2014,Kailahun
KM233041,03/06/2014,Kailahun
KM233042,03/06/2014,Kailahun
KM233043,03/06/2014,Kailahun
KM233044,04/06/2014,Kailahun
KM233045,04/06/2014,Kailahun
KM034553,27/05/2014,Kailahun
KM034554,27/05/2014,Kailahun
KM034556,26/05/2014,Kailahun
KM034558,28/05/2014,Kailahun
KM034559,28/05/2014,Kailahun
KM034560,28/05/2014,Kailahun
KM034561,28/05/2014,Kailahun
KM034562,28/05/2014,Kailahun
KM034563,28/05/2014,Kailahun
KM233049,31/05/2014,Kailahun
KM233050,09/06/2014,Kailahun
KM233053,05/06/2014,Kailahun
KM233054,07/06/2014,Kailahun
KM233055,07/06/2014,Kailahun
KM233056,07/06/2014,Kailahun
KM233058,10/06/2014,Kailahun
KM233061,10/06/2014,Kailahun
KM233062,11/06/2014,Kailahun
KM233063,12/06/2014,?
KM233064,14/06/2014,Kailahun
KM233065,12/06/2014,Kailahun
KM233069,12/06/2014,Kailahun
KM233071,12/06/2014,Kailahun
KM233072,14/06/2014,Kailahun
KM233073,14/06/2014,Kailahun
KM233074,14/06/2014,Kailahun
KM233075,14/06/2014,Kailahun
KM233076,14/06/2014,Kailahun
KM233077,15/06/2014,Kailahun
KM233078,15/06/2014,Kailahun
KM233079,15/06/2014,Kailahun
KM233080,15/06/2014,Kailahun
KM233081,15/06/2014,Kailahun
KM233082,15/06/2014,Kailahun
KM233084,15/06/2014,Kailahun
KM233085,15/06/2014,Kailahun
KM233086,15/06/2014,Kailahun
KM233087,15/06/2014,Kailahun
KM233089,15/06/2014,Kailahun
KM233090,15/06/2014,Kailahun
KM233091,15/06/2014,Kailahun
KM233092,15/06/2014,Kailahun
KM233093,15/06/2014,Kailahun
KM233094,15/06/2014,Kailahun
KM233095,15/06/2014,Kailahun
KM233096,15/06/2014,Kailahun
KM233097,15/06/2014,Kailahun
KM233098,16/06/2014,Kailahun
KM233100,16/06/2014,Kailahun
KM233101,16/06/2014,Kailahun
KM233102,16/06/2014,Kailahun
KM233103,16/06/2014,Kailahun
KM233104,17/06/2014,Kailahun
KM233105,17/06/2014,Kailahun
KM233106,17/06/2014,Kailahun
KM233107,17/06/2014,Bo
KM233108,18/06/2014,Kailahun
KM233109,18/06/2014,Kailahun
KM233110,18/06/2014,Kailahun
KM233111,18/06/2014,Kailahun
KM233112,18/06/2014,Kenema
KM233113,18/06/2014,Kenema
KM233115,18/06/2014,Kailahun
KM233116,04/06/2014,Kambia
KR105200,16/06/2014,Kailahun
KR105201,19/06/2014,Kenema
KR105202,18/06/2014,Kenema
KR105203,17/06/2014,Kenema
KR105204,19/06/2014,Kenema
KR105205,19/06/2014,Kenema
KR105206,21/06/2014,Kenema
KR105207,21/06/2014,Kenema
KR105208,22/06/2014,Kailahun
KR105209,24/06/2014,?
KR105210,24/06/2014,?
KR105211,25/06/2014,Kailahun
KR105212,24/06/2014,?
KR105213,05/07/2014,Kenema
KR105214,04/07/2014,Kailahun
KR105215,06/07/2014,Kenema
KR105216,07/07/2014,Kailahun
KR105217,08/07/2014,Kenema
KR105218,08/07/2014,Bo
KR105219,09/07/2014,?
KR105220,11/07/2014,Kailahun
KR105221,10/07/2014,Kailahun
KR105222,11/07/2014,Kailahun
KR105223,11/07/2014,Kailahun
KR105224,11/07/2014,Kailahun
KR105225,11/07/2014,Kailahun
KR105226,11/07/2014,Kailahun
KR105227,11/07/2014,Kenema
KR105228,11/07/2014,Kenema
KR105229,12/07/2014,Kailahun
KR105230,12/07/2014,PortLoko
KR105231,13/07/2014,Kenema
KR105232,14/07/2014,Kenema
KR105233,14/07/2014,Kenema
KR105234,14/07/2014,Kenema
KR105235,14/07/2014,Kailahun
KR105236,13/07/2014,Kailahun
KR105237,14/07/2014,Kenema
KR105238,14/07/2014,Kailahun
KR105239,18/07/2014,Kenema
KR105240,15/07/2014,Kenema
KR105241,09/07/2014,Kenema
KR105242,14/07/2014,Kenema
KR105243,15/07/2014,Kenema
KR105244,16/07/2014,Kenema
KR105245,16/07/2014,Kenema
KR105246,18/07/2014,Kono
KR105247,18/07/2014,Kenema
KR105248,18/07/2014,Bo
KR105249,19/07/2014,Kenema
KR105250,19/07/2014,Kenema
KR105251,19/07/2014,Kailahun
KR105252,19/07/2014,Kailahun
KR105253,20/07/2014,Bo
KR105254,20/07/2014,Kailahun
KR105255,20/07/2014,Kenema
KR105256,21/07/2014,Kenema
KR105257,21/07/2014,Kenema
KR105258,21/07/2014,Kailahun
KR105259,05/08/2014,Kenema
KR105260,22/07/2014,Bo
KR105261,26/07/2014,Kenema
KR105262,01/08/2014,?
KR105263,03/08/2014,Kenema
KR105264,03/08/2014,Kenema
KR105265,03/08/2014,Kenema
KR105266,04/08/2014,Kenema
KR105267,04/08/2014,Moyamba
KR105268,05/08/2014,Kenema
KR105269,05/08/2014,Kenema
KR105270,05/08/2014,?
KR105271,05/08/2014,?
KR105272,09/08/2014,Kenema
KR105273,10/08/2014,Kenema
KR105274,10/08/2014,?
KR105275,10/08/2014,?
KR105276,11/08/2014,Kenema
KR105277,12/08/2014,Kenema
KR105278,13/08/2014,Kenema
KR105279,12/08/2014,Moyamba
KR105280,13/08/2014,Kenema
KR105281,13/08/2014,?
KR105282,13/08/2014,Tonkolili
KR105283,14/08/2014,Kenema
KR105284,14/08/2014,Kenema
KR105285,14/08/2014,Kenema
KR105286,12/08/2014,?
KR105287,14/08/2014,?
KR105288,14/08/2014,?
KR105289,15/08/2014,?
KR105290,15/08/2014,?
KR105291,15/08/2014,Kenema
KR105292,15/08/2014,WesternArea
KR105293,16/08/2014,Kenema
KR105294,16/08/2014,Kenema
KR105295,17/08/2014,Kenema
KR105296,18/08/2014,Kenema
KR105297,17/08/2014,Moyamba
KR105298,19/08/2014,Kenema
KR105299,18/08/2014,Pujehun
KR105300,24/08/2014,Kenema
KR105301,22/08/2014,?
KR105302,25/08/2014,?
KR105303,25/08/2014,?